Chandeliers,"25776, 25803"
Floor Lamps,"689, 20472"
Flush Lights,"540, 20351"
Lamp Shades,"703, 20319"
Pendants,"536, 20345"
Table Lamps,"20481, 545"
Wall Lighting,"550, 20497"
Lighting Accessories,"748, "
Lighting Ballasts,"497, 20556"
Bathroom Mirrors,"519, 25996"
String Lights,"477, 478, 20545, 20546"
Lighting Transformers,"1677, 20562"
Bathroom Cabinets,"519, 25996"
Children's Lamps,"20485, 815"
Outdoor Wall Lighting,"526, 20453"
Recessed Wall Lighting,"778, 20440"
Picture Lights,"656, 20499"
Wall Flush Mounts and Wall Washers,"20505, 1189"
Lighting Transformers,"1677, 20562"
Outdoor Lanterns,"20456, 26076"
Lighting Replacement Glass,"745, 20624"
Outdoor Post Lighting,"527, 20462"
XCeiling Lighting,
XBathroom Lights,
XReading Lights and Swing Arm Lights,
XSpotlights,
XTrack Lighting,
XNight Lights,
XLight Bulbs,
XRecessed Lights,
